identificacion;nombre;correo;rol;estado;ficha
1010206106;ANDRES FELIPE PINZON DEL VALLE;cannalombia@gmail.com;aprendiz;activo;3349882
1019000002;BRYAN OBANDO RESTREPO;bryan.obando@gmail.com;aprendiz;activo;3349882
1019000003;EMMANUEL GRAJALES MOLINA;emmanuel.grajales@gmail.com;aprendiz;activo;3349882
1019000004;FREDY JOSE QUIJANO QUINTERO;fredy.quijano@gmail.com;aprendiz;activo;3349882
1019000005;JOSEPH SNEIDER CANO BOTERO;joseph.cano@gmail.com;aprendiz;activo;3349882
1019000006;JUAN CAMILO GIRALDO CLAVIJO;juan.camilo@gmail.com;aprendiz;activo;3349882
1019000007;JUAN DAVID GONZALES ESCOBAR;juan.david@gmail.com;aprendiz;activo;3349882
1019000008;JUAN DIEGO LAMOUROUX PARRA;juan.diego@gmail.com;aprendiz;activo;3349882
1019000009;JUAN ESTEBAN MARIN ARIAS;juan.esteban@gmail.com;aprendiz;activo;3349882
1019000010;JUAN JOSE CAMPUZANO JIMENEZ;juan.jose@gmail.com;aprendiz;activo;3349882
1019000011;JUAN MANUEL ORTIZ MENA;juanmanuelortizmena4@gmail.com;aprendiz;activo;3349882
1019000012;JUAN MANUEL COBO TRIVI¥O;juan.cobo@gmail.com;aprendiz;activo;3349882
1019000013;JUAN MANUEL SANCHEZ RAMIREZ;juan.sanchez@gmail.com;aprendiz;activo;3349882
1019000014;MARIA JOSE CALLE SIERRA;maria.calle@gmail.com;aprendiz;activo;3349882
1019000015;MARIANA SERNA OCAMPO;mariana.serna@gmail.com;aprendiz;activo;3349882
1019000016;MATEO LEAL ZAMBRANO;mateo.leal@gmail.com;aprendiz;activo;3349882
1019000017;SANTIAGO VELEZ VALENCIA;santiago.velez@gmail.com;aprendiz;activo;3349882
1019000018;SANTIAGO SALAZAR VEGA;santiago.salazar@gmail.com;aprendiz;activo;3349882
1019000019;SERGI JOAN HENAO GONZALEZ;sergi.henao@gmail.com;aprendiz;activo;3349882
1019000020;SOFIA SANCHEZ LUENGAS;sofia.sanchez@gmail.com;aprendiz;activo;3349882
1019000021;VALERIA GALINDO HERNANDEZ;valeria.galindo@gmail.com;aprendiz;activo;3349882
1019000022;YEISON VALENCIA ZAPATA;yeison.valencia@gmail.com;aprendiz;activo;3349882
1019000023;FELIPE MENDOZA RUIZ;felipe.mendoza@gmail.com;aprendiz;activo;3349881
1019000024;JULIANA CASTA¥O LOPEZ;juliana.castano@gmail.com;aprendiz;activo;3349881
1019000025;SANTIAGO GIRALDO MORA;santiago.giraldo@gmail.com;aprendiz;activo;3349881
1019000026;CAMILA HERRERA GOMEZ;camila.herrera@gmail.com;aprendiz;activo;3349881
1019000027;LAURA TORRES RAMIREZ;laura.torres@gmail.com;aprendiz;activo;3349881
1019000028;NATALIA JIMENEZ CASTRO;natalia.jimenez@gmail.com;aprendiz;activo;3349881
1019000029;MIGUEL ROJAS PEREZ;miguel.rojas@gmail.com;aprendiz;activo;3349881
1019000030;DANIELA VARGAS ARIAS;daniela.vargas@gmail.com;aprendiz;activo;3349881
1019000031;SEBASTIAN ORTIZ CANO;sebastian.ortiz@gmail.com;aprendiz;activo;3349881
1019000032;VALENTINA MORENO LEAL;valentina.moreno@gmail.com;aprendiz;activo;3349881
1019000033;NICOLAS RESTREPO VEGA;nicolas.restrepo@gmail.com;aprendiz;activo;3349881
1019000034;PAULA ANDREA MORALES;paula.morales@gmail.com;aprendiz;activo;3349881
1019000035;KEVIN ALEJANDRO RIOS;kevin.rios@gmail.com;aprendiz;activo;3349881
1019000036;ISABELLA CARDONA MEJIA;isabella.cardona@gmail.com;aprendiz;activo;3349881
1019000037;JUAN PEREZ GARCIA;juan.perez@gmail.com;aprendiz;activo;3349884
1019000038;MARIA RODRIGUEZ LOPEZ;maria.rodriguez@gmail.com;aprendiz;activo;3349884
1019000039;CARLOS GOMEZ MARTINEZ;carlos.gomez@gmail.com;aprendiz;activo;3349884
1019000040;ANA LOPEZ RAMIREZ;ana.lopez@gmail.com;aprendiz;activo;3349884
1019000041;LUIS MARTINEZ RUIZ;luis.martinez@gmail.com;aprendiz;activo;3349884
1019000042;SOFIA RAMIREZ TORRES;sofia.ramirez@gmail.com;aprendiz;activo;3349884
1019000043;ANDRES CASTRO MORA;andres.castro@gmail.com;aprendiz;activo;3349884
1019000044;DIEGO SANCHEZ PARRA;diego.sanchez@gmail.com;aprendiz;activo;3349884
1019000045;PEDRO RUIZ MORENO;pedro.ruiz@gmail.com;aprendiz;activo;3349884
1019000046;MANUELA VELEZ HENAO;manuela.velez@gmail.com;aprendiz;activo;3349884
1019000047;ALEJANDRO QUINTERO SERNA;alejandro.quintero@gmail.com;aprendiz;activo;3349884
1019000048;SAMUEL CANO VALENCIA;samuel.cano@gmail.com;aprendiz;activo;3349884
1019000049;LUCIANA OSPINA RESTREPO;luciana.ospina@gmail.com;aprendiz;activo;3349884
1019000050;MARTIN SALAZAR BOTERO;martin.salazar@gmail.com;aprendiz;activo;3349884
1099000001;JORGE RAIGOSA;jorge.raigosa@gmail.com;instructor;activo;3349882
1099000002;YULY SAENZ;yuly.saenz@gmail.com;instructor;activo;3349882
1099000003;JHOAN SEBASTIAN DUQUE;jhoan.duque@gmail.com;instructor;activo;3349882
1099000004;ELIANA CARDONA;eliana.cardona@gmail.com;instructor;activo;3349882
1099000005;ANDRES ARBOLEDA;andres.arboleda@gmail.com;instructor;activo;3349882
1010206106;ANDRES FELIPE PINZON DEL VALLE;cannalombia@gmai.com;administrador;activo;3349882
1010101010;JUAN MANUEL MENA ORTIZ;juanmanuelortizmena4@gmail.com;administrador;activo;3349882
